{"cameraMat": [[800.6930062487975, 0.0, 308.6792761513329], [0.0, 800.3522081409552, 247.28880120236153], [0.0, 0.0, 1.0]], "distCoef": [[-0.014266666165133134, 0.8294514228123694, 0.0020405825782802184, -0.001272590880251333, -3.587177066380877]]}